course_id,title,category,sub_category,difficulty_level,duration_hours,content_type,rating_avg,num_reviews,is_certified,language,tags
0,Pandas Course 0,Data Science,Pandas,Advanced,19.35,Video,4.9,3782,False,Spanish,"Data Science,Pandas,Advanced"
1,SEO Course 1,Marketing,SEO,Advanced,30.25,Text,3.89,4436,True,Spanish,"Marketing,SEO,Advanced"
2,Statistics Course 2,Data Science,Statistics,Intermediate,23.5,Video,3.67,2929,False,English,"Data Science,Statistics,Intermediate"
3,Content Course 3,Marketing,Content,Intermediate,35.7,Mixed,3.04,779,True,English,"Marketing,Content,Intermediate"
4,Fullstack Course 4,Web Dev,Fullstack,Advanced,36.38,Video,4.88,2443,False,English,"Web Dev,Fullstack,Advanced"
5,Content Course 5,Marketing,Content,Advanced,9.91,Video,3.37,4565,True,English,"Marketing,Content,Advanced"
6,Forensics Course 6,Cybersecurity,Forensics,Beginner,30.97,Text,3.01,2914,True,English,"Cybersecurity,Forensics,Beginner"
7,SEO Course 7,Marketing,SEO,Beginner,15.27,Mixed,4.22,2057,False,English,"Marketing,SEO,Beginner"
8,Forensics Course 8,Cybersecurity,Forensics,Intermediate,15.32,Video,3.73,199,False,Spanish,"Cybersecurity,Forensics,Intermediate"
9,NLP Course 9,AI,NLP,Intermediate,5.44,Text,4.24,1909,False,Spanish,"AI,NLP,Intermediate"
10,Content Course 10,Marketing,Content,Beginner,26.2,Video,4.18,3212,True,English,"Marketing,Content,Beginner"
11,Statistics Course 11,Data Science,Statistics,Advanced,43.14,Mixed,4.36,2898,False,Spanish,"Data Science,Statistics,Advanced"
12,Backend Course 12,Web Dev,Backend,Beginner,4.19,Video,4.9,2373,True,Spanish,"Web Dev,Backend,Beginner"
13,Forensics Course 13,Cybersecurity,Forensics,Advanced,28.6,Text,3.77,2622,True,English,"Cybersecurity,Forensics,Advanced"
14,NLP Course 14,AI,NLP,Beginner,12.31,Text,3.48,1488,False,Spanish,"AI,NLP,Beginner"
15,Fullstack Course 15,Web Dev,Fullstack,Beginner,30.89,Mixed,4.67,44,True,English,"Web Dev,Fullstack,Beginner"
16,Fullstack Course 16,Web Dev,Fullstack,Intermediate,45.56,Mixed,3.52,3953,True,English,"Web Dev,Fullstack,Intermediate"
17,Visualization Course 17,Data Science,Visualization,Intermediate,38.01,Mixed,3.85,2623,True,Spanish,"Data Science,Visualization,Intermediate"
18,Forensics Course 18,Cybersecurity,Forensics,Beginner,27.79,Text,3.37,4808,True,English,"Cybersecurity,Forensics,Beginner"
19,Content Course 19,Marketing,Content,Advanced,42.27,Mixed,3.9,4307,True,English,"Marketing,Content,Advanced"
20,Statistics Course 20,Data Science,Statistics,Beginner,44.85,Mixed,4.2,4921,False,Spanish,"Data Science,Statistics,Beginner"
21,Pandas Course 21,Data Science,Pandas,Intermediate,17.0,Mixed,4.14,1285,False,English,"Data Science,Pandas,Intermediate"
22,Visualization Course 22,Data Science,Visualization,Intermediate,3.22,Text,3.65,347,False,Spanish,"Data Science,Visualization,Intermediate"
23,Network Security Course 23,Cybersecurity,Network Security,Beginner,27.44,Text,4.17,4869,False,Spanish,"Cybersecurity,Network Security,Beginner"
24,Backend Course 24,Web Dev,Backend,Beginner,30.74,Video,3.55,2072,False,English,"Web Dev,Backend,Beginner"
25,Computer Vision Course 25,AI,Computer Vision,Beginner,9.1,Video,3.03,2578,True,Spanish,"AI,Computer Vision,Beginner"
26,Frontend Course 26,Web Dev,Frontend,Advanced,38.84,Video,3.4,1505,True,Spanish,"Web Dev,Frontend,Advanced"
27,NLP Course 27,AI,NLP,Advanced,1.69,Mixed,3.4,401,True,English,"AI,NLP,Advanced"
28,Network Security Course 28,Cybersecurity,Network Security,Advanced,36.72,Text,4.54,3571,False,English,"Cybersecurity,Network Security,Advanced"
29,Computer Vision Course 29,AI,Computer Vision,Beginner,18.56,Video,3.23,210,False,English,"AI,Computer Vision,Beginner"
30,Frontend Course 30,Web Dev,Frontend,Beginner,31.54,Mixed,3.66,4608,False,English,"Web Dev,Frontend,Beginner"
31,Pandas Course 31,Data Science,Pandas,Advanced,16.24,Text,3.65,2741,False,English,"Data Science,Pandas,Advanced"
32,Pandas Course 32,Data Science,Pandas,Beginner,32.24,Text,4.77,2700,False,Spanish,"Data Science,Pandas,Beginner"
33,SEO Course 33,Marketing,SEO,Beginner,38.28,Video,4.12,4503,False,Spanish,"Marketing,SEO,Beginner"
34,Forensics Course 34,Cybersecurity,Forensics,Advanced,25.2,Mixed,4.05,1494,True,English,"Cybersecurity,Forensics,Advanced"
35,Ethical Hacking Course 35,Cybersecurity,Ethical Hacking,Advanced,10.88,Video,4.79,573,True,Spanish,"Cybersecurity,Ethical Hacking,Advanced"
36,SEO Course 36,Marketing,SEO,Beginner,28.6,Text,4.39,1688,False,English,"Marketing,SEO,Beginner"
37,Frontend Course 37,Web Dev,Frontend,Intermediate,38.02,Mixed,3.46,1732,True,Spanish,"Web Dev,Frontend,Intermediate"
38,Deep Learning Course 38,AI,Deep Learning,Intermediate,35.04,Video,4.76,2739,True,English,"AI,Deep Learning,Intermediate"
39,Forensics Course 39,Cybersecurity,Forensics,Beginner,40.6,Text,4.27,2703,False,Spanish,"Cybersecurity,Forensics,Beginner"
40,Backend Course 40,Web Dev,Backend,Intermediate,23.37,Text,3.44,1373,False,English,"Web Dev,Backend,Intermediate"
41,NLP Course 41,AI,NLP,Intermediate,44.74,Text,4.08,1539,False,Spanish,"AI,NLP,Intermediate"
42,Backend Course 42,Web Dev,Backend,Beginner,6.98,Video,3.71,2247,False,Spanish,"Web Dev,Backend,Beginner"
43,Deep Learning Course 43,AI,Deep Learning,Intermediate,6.39,Text,3.46,4039,False,English,"AI,Deep Learning,Intermediate"
44,Ads Course 44,Marketing,Ads,Advanced,1.03,Mixed,3.71,1292,False,Spanish,"Marketing,Ads,Advanced"
45,SEO Course 45,Marketing,SEO,Advanced,1.34,Video,4.02,4754,False,Spanish,"Marketing,SEO,Advanced"
46,NLP Course 46,AI,NLP,Intermediate,24.76,Text,4.38,4789,False,Spanish,"AI,NLP,Intermediate"
47,Fullstack Course 47,Web Dev,Fullstack,Intermediate,12.96,Video,3.34,3753,True,Spanish,"Web Dev,Fullstack,Intermediate"
48,Network Security Course 48,Cybersecurity,Network Security,Beginner,26.42,Video,4.41,1863,True,English,"Cybersecurity,Network Security,Beginner"
49,NLP Course 49,AI,NLP,Advanced,48.62,Video,4.92,3591,True,English,"AI,NLP,Advanced"
50,Frontend Course 50,Web Dev,Frontend,Beginner,35.12,Video,4.42,1646,True,English,"Web Dev,Frontend,Beginner"
51,Computer Vision Course 51,AI,Computer Vision,Beginner,14.96,Mixed,3.07,2170,False,Spanish,"AI,Computer Vision,Beginner"
52,Pandas Course 52,Data Science,Pandas,Beginner,48.85,Text,3.82,864,False,English,"Data Science,Pandas,Beginner"
53,Deep Learning Course 53,AI,Deep Learning,Intermediate,14.65,Text,4.82,3484,False,English,"AI,Deep Learning,Intermediate"
54,Ethical Hacking Course 54,Cybersecurity,Ethical Hacking,Beginner,34.35,Mixed,4.06,2787,True,English,"Cybersecurity,Ethical Hacking,Beginner"
55,Visualization Course 55,Data Science,Visualization,Beginner,49.3,Video,3.48,4941,True,English,"Data Science,Visualization,Beginner"
56,Network Security Course 56,Cybersecurity,Network Security,Intermediate,4.96,Video,3.74,4506,True,English,"Cybersecurity,Network Security,Intermediate"
57,Forensics Course 57,Cybersecurity,Forensics,Advanced,36.68,Video,3.74,2941,True,Spanish,"Cybersecurity,Forensics,Advanced"
58,Fullstack Course 58,Web Dev,Fullstack,Beginner,49.19,Text,3.8,3592,False,English,"Web Dev,Fullstack,Beginner"
59,Frontend Course 59,Web Dev,Frontend,Intermediate,5.42,Mixed,4.67,1157,False,English,"Web Dev,Frontend,Intermediate"
60,Computer Vision Course 60,AI,Computer Vision,Beginner,25.9,Video,4.39,1804,True,English,"AI,Computer Vision,Beginner"
61,Deep Learning Course 61,AI,Deep Learning,Advanced,29.95,Video,4.36,1379,True,Spanish,"AI,Deep Learning,Advanced"
62,Network Security Course 62,Cybersecurity,Network Security,Beginner,26.09,Mixed,3.45,2921,True,English,"Cybersecurity,Network Security,Beginner"
63,Ethical Hacking Course 63,Cybersecurity,Ethical Hacking,Advanced,5.71,Text,4.88,1969,True,English,"Cybersecurity,Ethical Hacking,Advanced"
64,SEO Course 64,Marketing,SEO,Intermediate,19.95,Text,4.87,4746,True,Spanish,"Marketing,SEO,Intermediate"
65,Deep Learning Course 65,AI,Deep Learning,Advanced,34.11,Text,4.47,4071,True,Spanish,"AI,Deep Learning,Advanced"
66,SEO Course 66,Marketing,SEO,Advanced,35.09,Mixed,3.46,633,True,Spanish,"Marketing,SEO,Advanced"
67,SEO Course 67,Marketing,SEO,Advanced,28.2,Mixed,4.06,2059,False,English,"Marketing,SEO,Advanced"
68,Ethical Hacking Course 68,Cybersecurity,Ethical Hacking,Advanced,49.82,Video,4.93,4558,False,Spanish,"Cybersecurity,Ethical Hacking,Advanced"
69,Ads Course 69,Marketing,Ads,Intermediate,45.12,Mixed,4.27,2066,False,Spanish,"Marketing,Ads,Intermediate"
70,Pandas Course 70,Data Science,Pandas,Advanced,14.66,Video,4.4,2265,False,Spanish,"Data Science,Pandas,Advanced"
71,Ads Course 71,Marketing,Ads,Beginner,44.96,Video,4.77,3201,True,English,"Marketing,Ads,Beginner"
72,Ads Course 72,Marketing,Ads,Intermediate,44.5,Text,4.7,1658,False,English,"Marketing,Ads,Intermediate"
73,Backend Course 73,Web Dev,Backend,Advanced,8.92,Text,4.8,3933,True,English,"Web Dev,Backend,Advanced"
74,Deep Learning Course 74,AI,Deep Learning,Intermediate,29.45,Text,3.74,108,False,Spanish,"AI,Deep Learning,Intermediate"
75,Computer Vision Course 75,AI,Computer Vision,Intermediate,48.71,Text,3.57,4983,True,English,"AI,Computer Vision,Intermediate"
76,Backend Course 76,Web Dev,Backend,Intermediate,27.89,Video,4.38,3801,True,Spanish,"Web Dev,Backend,Intermediate"
77,Forensics Course 77,Cybersecurity,Forensics,Beginner,49.73,Text,3.35,4503,False,English,"Cybersecurity,Forensics,Beginner"
78,Pandas Course 78,Data Science,Pandas,Advanced,16.94,Mixed,4.49,1228,False,Spanish,"Data Science,Pandas,Advanced"
79,NLP Course 79,AI,NLP,Advanced,33.22,Text,4.14,4565,False,Spanish,"AI,NLP,Advanced"
80,SEO Course 80,Marketing,SEO,Advanced,25.93,Video,4.27,1055,False,Spanish,"Marketing,SEO,Advanced"
81,Network Security Course 81,Cybersecurity,Network Security,Intermediate,12.96,Mixed,4.95,3446,True,English,"Cybersecurity,Network Security,Intermediate"
82,Ethical Hacking Course 82,Cybersecurity,Ethical Hacking,Intermediate,24.85,Text,4.81,235,True,English,"Cybersecurity,Ethical Hacking,Intermediate"
83,Pandas Course 83,Data Science,Pandas,Intermediate,18.15,Mixed,4.29,969,True,Spanish,"Data Science,Pandas,Intermediate"
84,Computer Vision Course 84,AI,Computer Vision,Advanced,43.34,Video,3.46,825,True,Spanish,"AI,Computer Vision,Advanced"
85,Computer Vision Course 85,AI,Computer Vision,Beginner,14.76,Mixed,3.05,3130,True,Spanish,"AI,Computer Vision,Beginner"
86,Ethical Hacking Course 86,Cybersecurity,Ethical Hacking,Advanced,3.14,Mixed,4.99,2215,True,English,"Cybersecurity,Ethical Hacking,Advanced"
87,Forensics Course 87,Cybersecurity,Forensics,Beginner,47.74,Text,4.83,1070,True,English,"Cybersecurity,Forensics,Beginner"
88,Ads Course 88,Marketing,Ads,Beginner,46.49,Video,3.86,4286,True,Spanish,"Marketing,Ads,Beginner"
89,Network Security Course 89,Cybersecurity,Network Security,Intermediate,29.04,Mixed,4.96,1149,True,English,"Cybersecurity,Network Security,Intermediate"
90,Deep Learning Course 90,AI,Deep Learning,Beginner,15.43,Text,3.77,1194,False,English,"AI,Deep Learning,Beginner"
91,Frontend Course 91,Web Dev,Frontend,Intermediate,16.53,Mixed,3.34,1826,True,English,"Web Dev,Frontend,Intermediate"
92,Statistics Course 92,Data Science,Statistics,Advanced,20.34,Video,4.69,1905,True,Spanish,"Data Science,Statistics,Advanced"
93,Content Course 93,Marketing,Content,Beginner,4.45,Video,3.42,4024,False,Spanish,"Marketing,Content,Beginner"
94,Fullstack Course 94,Web Dev,Fullstack,Beginner,49.51,Text,3.28,164,True,Spanish,"Web Dev,Fullstack,Beginner"
95,Forensics Course 95,Cybersecurity,Forensics,Intermediate,15.47,Text,3.65,3185,False,Spanish,"Cybersecurity,Forensics,Intermediate"
96,Content Course 96,Marketing,Content,Beginner,35.15,Text,4.4,2816,True,English,"Marketing,Content,Beginner"
97,Ads Course 97,Marketing,Ads,Intermediate,21.57,Video,3.51,2465,False,Spanish,"Marketing,Ads,Intermediate"
98,Network Security Course 98,Cybersecurity,Network Security,Intermediate,45.75,Text,4.02,4141,False,English,"Cybersecurity,Network Security,Intermediate"
99,SEO Course 99,Marketing,SEO,Intermediate,40.12,Text,4.3,4505,False,Spanish,"Marketing,SEO,Intermediate"
100,Computer Vision Course 100,AI,Computer Vision,Intermediate,3.49,Text,4.77,1176,True,Spanish,"AI,Computer Vision,Intermediate"
101,Backend Course 101,Web Dev,Backend,Beginner,19.4,Text,3.19,2784,True,English,"Web Dev,Backend,Beginner"
102,Ads Course 102,Marketing,Ads,Advanced,33.93,Text,3.66,3779,True,Spanish,"Marketing,Ads,Advanced"
103,SEO Course 103,Marketing,SEO,Advanced,27.59,Video,3.57,1725,True,Spanish,"Marketing,SEO,Advanced"
104,Content Course 104,Marketing,Content,Intermediate,2.9,Mixed,3.61,2501,False,Spanish,"Marketing,Content,Intermediate"
105,Fullstack Course 105,Web Dev,Fullstack,Intermediate,17.01,Text,4.66,3061,False,English,"Web Dev,Fullstack,Intermediate"
106,Ethical Hacking Course 106,Cybersecurity,Ethical Hacking,Advanced,48.3,Text,3.91,4879,False,English,"Cybersecurity,Ethical Hacking,Advanced"
107,Computer Vision Course 107,AI,Computer Vision,Beginner,3.53,Mixed,4.06,4152,False,English,"AI,Computer Vision,Beginner"
108,Content Course 108,Marketing,Content,Beginner,35.28,Video,3.28,4374,False,Spanish,"Marketing,Content,Beginner"
109,Pandas Course 109,Data Science,Pandas,Beginner,48.51,Mixed,4.43,1692,False,English,"Data Science,Pandas,Beginner"
110,Network Security Course 110,Cybersecurity,Network Security,Beginner,39.96,Video,3.54,3685,False,Spanish,"Cybersecurity,Network Security,Beginner"
111,Forensics Course 111,Cybersecurity,Forensics,Intermediate,37.46,Mixed,3.5,126,True,English,"Cybersecurity,Forensics,Intermediate"
112,Fullstack Course 112,Web Dev,Fullstack,Beginner,4.96,Text,3.86,1941,True,Spanish,"Web Dev,Fullstack,Beginner"
113,Computer Vision Course 113,AI,Computer Vision,Intermediate,21.04,Text,3.35,522,True,Spanish,"AI,Computer Vision,Intermediate"
114,Statistics Course 114,Data Science,Statistics,Beginner,22.68,Text,3.48,569,True,Spanish,"Data Science,Statistics,Beginner"
115,Statistics Course 115,Data Science,Statistics,Beginner,9.96,Mixed,4.87,3353,True,Spanish,"Data Science,Statistics,Beginner"
116,SEO Course 116,Marketing,SEO,Advanced,26.32,Video,4.31,590,True,Spanish,"Marketing,SEO,Advanced"
117,Network Security Course 117,Cybersecurity,Network Security,Intermediate,30.97,Text,3.84,3157,False,English,"Cybersecurity,Network Security,Intermediate"
118,Pandas Course 118,Data Science,Pandas,Intermediate,28.74,Video,3.32,2754,False,Spanish,"Data Science,Pandas,Intermediate"
119,Computer Vision Course 119,AI,Computer Vision,Intermediate,17.75,Mixed,3.18,3128,True,English,"AI,Computer Vision,Intermediate"
120,Content Course 120,Marketing,Content,Intermediate,3.0,Mixed,4.71,3069,True,English,"Marketing,Content,Intermediate"
121,Deep Learning Course 121,AI,Deep Learning,Intermediate,9.59,Mixed,3.03,2489,False,Spanish,"AI,Deep Learning,Intermediate"
122,Content Course 122,Marketing,Content,Intermediate,40.54,Video,3.69,1767,False,English,"Marketing,Content,Intermediate"
123,Backend Course 123,Web Dev,Backend,Beginner,32.84,Text,3.1,2859,True,Spanish,"Web Dev,Backend,Beginner"
124,Ethical Hacking Course 124,Cybersecurity,Ethical Hacking,Intermediate,13.78,Text,3.03,3740,True,Spanish,"Cybersecurity,Ethical Hacking,Intermediate"
125,Frontend Course 125,Web Dev,Frontend,Advanced,25.65,Mixed,4.71,1358,True,Spanish,"Web Dev,Frontend,Advanced"
126,Ethical Hacking Course 126,Cybersecurity,Ethical Hacking,Intermediate,34.51,Mixed,4.23,345,False,English,"Cybersecurity,Ethical Hacking,Intermediate"
127,SEO Course 127,Marketing,SEO,Intermediate,32.48,Mixed,3.05,905,False,English,"Marketing,SEO,Intermediate"
128,Ethical Hacking Course 128,Cybersecurity,Ethical Hacking,Advanced,32.18,Video,4.6,1941,True,Spanish,"Cybersecurity,Ethical Hacking,Advanced"
129,Computer Vision Course 129,AI,Computer Vision,Advanced,20.02,Video,4.29,4010,True,English,"AI,Computer Vision,Advanced"
130,Ads Course 130,Marketing,Ads,Intermediate,40.75,Video,4.64,3923,True,English,"Marketing,Ads,Intermediate"
131,Computer Vision Course 131,AI,Computer Vision,Intermediate,11.13,Mixed,3.55,4117,True,Spanish,"AI,Computer Vision,Intermediate"
132,Ethical Hacking Course 132,Cybersecurity,Ethical Hacking,Intermediate,5.94,Mixed,3.04,2556,True,English,"Cybersecurity,Ethical Hacking,Intermediate"
133,NLP Course 133,AI,NLP,Beginner,31.29,Text,3.67,4195,True,English,"AI,NLP,Beginner"
134,Visualization Course 134,Data Science,Visualization,Advanced,16.63,Mixed,4.69,1635,False,English,"Data Science,Visualization,Advanced"
135,Ethical Hacking Course 135,Cybersecurity,Ethical Hacking,Beginner,17.69,Mixed,3.52,3984,True,English,"Cybersecurity,Ethical Hacking,Beginner"
136,Forensics Course 136,Cybersecurity,Forensics,Intermediate,6.79,Text,4.39,1526,True,English,"Cybersecurity,Forensics,Intermediate"
137,Ethical Hacking Course 137,Cybersecurity,Ethical Hacking,Beginner,46.9,Text,3.08,738,True,English,"Cybersecurity,Ethical Hacking,Beginner"
138,Content Course 138,Marketing,Content,Beginner,40.37,Mixed,3.56,3475,False,Spanish,"Marketing,Content,Beginner"
139,Network Security Course 139,Cybersecurity,Network Security,Intermediate,21.75,Video,4.14,2796,True,English,"Cybersecurity,Network Security,Intermediate"
140,SEO Course 140,Marketing,SEO,Intermediate,49.53,Mixed,3.83,2153,True,English,"Marketing,SEO,Intermediate"
141,Fullstack Course 141,Web Dev,Fullstack,Beginner,17.7,Video,4.86,4142,True,Spanish,"Web Dev,Fullstack,Beginner"
142,NLP Course 142,AI,NLP,Intermediate,12.69,Text,4.36,2336,False,English,"AI,NLP,Intermediate"
143,SEO Course 143,Marketing,SEO,Intermediate,37.97,Video,3.21,3962,True,Spanish,"Marketing,SEO,Intermediate"
144,SEO Course 144,Marketing,SEO,Intermediate,25.76,Video,4.65,1375,False,Spanish,"Marketing,SEO,Intermediate"
145,Ethical Hacking Course 145,Cybersecurity,Ethical Hacking,Beginner,15.58,Video,3.2,405,True,Spanish,"Cybersecurity,Ethical Hacking,Beginner"
146,Ads Course 146,Marketing,Ads,Intermediate,47.97,Text,4.69,4370,False,Spanish,"Marketing,Ads,Intermediate"
147,Pandas Course 147,Data Science,Pandas,Intermediate,16.65,Mixed,4.9,4956,False,Spanish,"Data Science,Pandas,Intermediate"
148,Visualization Course 148,Data Science,Visualization,Intermediate,25.16,Text,3.17,3150,True,English,"Data Science,Visualization,Intermediate"
149,Ethical Hacking Course 149,Cybersecurity,Ethical Hacking,Advanced,15.37,Mixed,3.66,2948,True,English,"Cybersecurity,Ethical Hacking,Advanced"
150,Network Security Course 150,Cybersecurity,Network Security,Beginner,11.42,Video,4.89,1177,False,English,"Cybersecurity,Network Security,Beginner"
151,Statistics Course 151,Data Science,Statistics,Advanced,39.69,Text,3.18,2992,True,Spanish,"Data Science,Statistics,Advanced"
152,Forensics Course 152,Cybersecurity,Forensics,Intermediate,49.8,Mixed,3.11,742,True,Spanish,"Cybersecurity,Forensics,Intermediate"
153,Fullstack Course 153,Web Dev,Fullstack,Intermediate,18.19,Mixed,3.23,963,False,Spanish,"Web Dev,Fullstack,Intermediate"
154,Pandas Course 154,Data Science,Pandas,Beginner,31.29,Mixed,3.2,1552,True,English,"Data Science,Pandas,Beginner"
155,Pandas Course 155,Data Science,Pandas,Beginner,21.88,Mixed,3.45,3003,True,Spanish,"Data Science,Pandas,Beginner"
156,Network Security Course 156,Cybersecurity,Network Security,Advanced,44.7,Mixed,3.29,3246,True,Spanish,"Cybersecurity,Network Security,Advanced"
157,Pandas Course 157,Data Science,Pandas,Intermediate,12.43,Text,4.16,1398,False,English,"Data Science,Pandas,Intermediate"
158,Frontend Course 158,Web Dev,Frontend,Advanced,19.16,Mixed,4.63,520,True,English,"Web Dev,Frontend,Advanced"
159,SEO Course 159,Marketing,SEO,Beginner,45.48,Mixed,4.18,1837,True,English,"Marketing,SEO,Beginner"
160,Content Course 160,Marketing,Content,Advanced,19.44,Text,3.17,2933,True,English,"Marketing,Content,Advanced"
161,SEO Course 161,Marketing,SEO,Advanced,28.36,Text,3.85,3612,True,English,"Marketing,SEO,Advanced"
162,Network Security Course 162,Cybersecurity,Network Security,Beginner,6.45,Mixed,3.99,4758,True,Spanish,"Cybersecurity,Network Security,Beginner"
163,Statistics Course 163,Data Science,Statistics,Beginner,20.85,Text,4.14,465,False,English,"Data Science,Statistics,Beginner"
164,Fullstack Course 164,Web Dev,Fullstack,Intermediate,6.76,Mixed,4.3,3082,False,English,"Web Dev,Fullstack,Intermediate"
165,Computer Vision Course 165,AI,Computer Vision,Intermediate,34.37,Mixed,3.48,514,False,English,"AI,Computer Vision,Intermediate"
166,Forensics Course 166,Cybersecurity,Forensics,Advanced,19.37,Video,3.57,833,False,Spanish,"Cybersecurity,Forensics,Advanced"
167,Network Security Course 167,Cybersecurity,Network Security,Beginner,26.89,Mixed,3.87,2115,True,Spanish,"Cybersecurity,Network Security,Beginner"
168,Pandas Course 168,Data Science,Pandas,Advanced,1.6,Video,4.94,1862,True,English,"Data Science,Pandas,Advanced"
169,Pandas Course 169,Data Science,Pandas,Beginner,16.81,Video,3.09,3294,False,Spanish,"Data Science,Pandas,Beginner"
170,Content Course 170,Marketing,Content,Intermediate,49.66,Mixed,3.15,1260,False,Spanish,"Marketing,Content,Intermediate"
171,Frontend Course 171,Web Dev,Frontend,Beginner,35.08,Mixed,3.15,1266,False,English,"Web Dev,Frontend,Beginner"
172,Fullstack Course 172,Web Dev,Fullstack,Beginner,11.62,Text,3.59,3594,True,English,"Web Dev,Fullstack,Beginner"
173,Ethical Hacking Course 173,Cybersecurity,Ethical Hacking,Intermediate,31.75,Video,4.17,2713,False,Spanish,"Cybersecurity,Ethical Hacking,Intermediate"
174,SEO Course 174,Marketing,SEO,Beginner,37.12,Video,4.83,1363,True,English,"Marketing,SEO,Beginner"
175,Pandas Course 175,Data Science,Pandas,Beginner,47.57,Text,4.78,3029,False,Spanish,"Data Science,Pandas,Beginner"
176,Content Course 176,Marketing,Content,Beginner,6.23,Video,3.67,1155,False,Spanish,"Marketing,Content,Beginner"
177,Frontend Course 177,Web Dev,Frontend,Intermediate,10.22,Mixed,3.93,2755,True,English,"Web Dev,Frontend,Intermediate"
178,Ads Course 178,Marketing,Ads,Intermediate,12.24,Text,3.53,4974,True,English,"Marketing,Ads,Intermediate"
179,Backend Course 179,Web Dev,Backend,Intermediate,48.75,Text,4.97,2518,True,English,"Web Dev,Backend,Intermediate"
180,Forensics Course 180,Cybersecurity,Forensics,Beginner,34.55,Video,3.33,1591,False,Spanish,"Cybersecurity,Forensics,Beginner"
181,Deep Learning Course 181,AI,Deep Learning,Advanced,4.73,Text,4.88,265,True,Spanish,"AI,Deep Learning,Advanced"
182,Ads Course 182,Marketing,Ads,Beginner,29.48,Video,4.84,19,False,English,"Marketing,Ads,Beginner"
183,SEO Course 183,Marketing,SEO,Intermediate,46.7,Text,4.73,4982,True,English,"Marketing,SEO,Intermediate"
184,Pandas Course 184,Data Science,Pandas,Beginner,9.08,Video,3.82,4479,False,English,"Data Science,Pandas,Beginner"
185,Pandas Course 185,Data Science,Pandas,Beginner,40.72,Mixed,4.97,4958,False,Spanish,"Data Science,Pandas,Beginner"
186,Pandas Course 186,Data Science,Pandas,Beginner,37.73,Video,3.79,4794,True,Spanish,"Data Science,Pandas,Beginner"
187,Backend Course 187,Web Dev,Backend,Beginner,42.08,Text,3.94,520,True,Spanish,"Web Dev,Backend,Beginner"
188,Backend Course 188,Web Dev,Backend,Beginner,14.4,Text,3.11,4623,True,English,"Web Dev,Backend,Beginner"
189,Statistics Course 189,Data Science,Statistics,Advanced,34.89,Mixed,4.07,1678,False,English,"Data Science,Statistics,Advanced"
190,Frontend Course 190,Web Dev,Frontend,Advanced,49.84,Text,4.11,3646,False,Spanish,"Web Dev,Frontend,Advanced"
191,Content Course 191,Marketing,Content,Advanced,47.29,Video,4.7,2058,True,English,"Marketing,Content,Advanced"
192,Visualization Course 192,Data Science,Visualization,Beginner,47.75,Text,4.21,4554,False,English,"Data Science,Visualization,Beginner"
193,Deep Learning Course 193,AI,Deep Learning,Advanced,33.91,Text,4.24,3429,True,English,"AI,Deep Learning,Advanced"
194,Frontend Course 194,Web Dev,Frontend,Intermediate,14.16,Video,3.04,259,False,English,"Web Dev,Frontend,Intermediate"
195,Backend Course 195,Web Dev,Backend,Intermediate,26.5,Video,4.54,3972,True,English,"Web Dev,Backend,Intermediate"
196,Ethical Hacking Course 196,Cybersecurity,Ethical Hacking,Advanced,16.08,Mixed,4.63,245,True,Spanish,"Cybersecurity,Ethical Hacking,Advanced"
197,Computer Vision Course 197,AI,Computer Vision,Intermediate,28.49,Text,4.75,1858,True,Spanish,"AI,Computer Vision,Intermediate"
198,Forensics Course 198,Cybersecurity,Forensics,Advanced,29.91,Mixed,3.96,3288,True,English,"Cybersecurity,Forensics,Advanced"
199,Deep Learning Course 199,AI,Deep Learning,Advanced,39.45,Video,4.28,2132,False,English,"AI,Deep Learning,Advanced"
200,Forensics Course 200,Cybersecurity,Forensics,Beginner,11.44,Mixed,3.27,4869,False,English,"Cybersecurity,Forensics,Beginner"
201,Ethical Hacking Course 201,Cybersecurity,Ethical Hacking,Intermediate,49.04,Video,4.22,1368,False,English,"Cybersecurity,Ethical Hacking,Intermediate"
202,Pandas Course 202,Data Science,Pandas,Intermediate,22.44,Text,4.81,1341,False,English,"Data Science,Pandas,Intermediate"
203,Computer Vision Course 203,AI,Computer Vision,Beginner,27.82,Mixed,3.9,1368,True,Spanish,"AI,Computer Vision,Beginner"
204,Fullstack Course 204,Web Dev,Fullstack,Intermediate,20.43,Video,4.24,2138,False,English,"Web Dev,Fullstack,Intermediate"
205,Fullstack Course 205,Web Dev,Fullstack,Advanced,47.53,Mixed,3.29,3482,False,English,"Web Dev,Fullstack,Advanced"
206,Computer Vision Course 206,AI,Computer Vision,Intermediate,25.11,Video,3.52,3041,False,English,"AI,Computer Vision,Intermediate"
207,Computer Vision Course 207,AI,Computer Vision,Intermediate,3.25,Text,4.24,4310,False,English,"AI,Computer Vision,Intermediate"
208,Forensics Course 208,Cybersecurity,Forensics,Intermediate,11.25,Video,4.16,4052,True,Spanish,"Cybersecurity,Forensics,Intermediate"
209,Network Security Course 209,Cybersecurity,Network Security,Beginner,4.72,Video,3.26,3455,True,Spanish,"Cybersecurity,Network Security,Beginner"
210,NLP Course 210,AI,NLP,Advanced,35.19,Video,3.36,2957,True,Spanish,"AI,NLP,Advanced"
211,Fullstack Course 211,Web Dev,Fullstack,Beginner,17.94,Text,4.79,3276,False,Spanish,"Web Dev,Fullstack,Beginner"
212,Deep Learning Course 212,AI,Deep Learning,Advanced,26.25,Mixed,4.95,4166,True,English,"AI,Deep Learning,Advanced"
213,Computer Vision Course 213,AI,Computer Vision,Beginner,10.42,Mixed,3.08,4709,False,English,"AI,Computer Vision,Beginner"
214,Pandas Course 214,Data Science,Pandas,Intermediate,18.03,Text,3.06,533,True,English,"Data Science,Pandas,Intermediate"
215,Deep Learning Course 215,AI,Deep Learning,Intermediate,11.11,Mixed,3.73,1763,True,Spanish,"AI,Deep Learning,Intermediate"
216,Frontend Course 216,Web Dev,Frontend,Intermediate,34.83,Video,3.08,2306,True,Spanish,"Web Dev,Frontend,Intermediate"
217,Network Security Course 217,Cybersecurity,Network Security,Advanced,24.58,Mixed,4.38,4212,False,English,"Cybersecurity,Network Security,Advanced"
218,Forensics Course 218,Cybersecurity,Forensics,Advanced,46.12,Video,3.12,2065,False,Spanish,"Cybersecurity,Forensics,Advanced"
219,Ethical Hacking Course 219,Cybersecurity,Ethical Hacking,Intermediate,37.66,Video,3.37,2776,True,English,"Cybersecurity,Ethical Hacking,Intermediate"
220,Network Security Course 220,Cybersecurity,Network Security,Advanced,27.29,Text,4.85,535,False,Spanish,"Cybersecurity,Network Security,Advanced"
221,Pandas Course 221,Data Science,Pandas,Advanced,31.29,Text,3.74,3297,False,Spanish,"Data Science,Pandas,Advanced"
222,Statistics Course 222,Data Science,Statistics,Advanced,36.31,Video,3.12,4988,True,English,"Data Science,Statistics,Advanced"
223,Statistics Course 223,Data Science,Statistics,Beginner,35.95,Text,4.79,2807,True,English,"Data Science,Statistics,Beginner"
224,Frontend Course 224,Web Dev,Frontend,Advanced,37.73,Video,3.06,3355,True,Spanish,"Web Dev,Frontend,Advanced"
225,Deep Learning Course 225,AI,Deep Learning,Beginner,22.92,Text,4.07,3096,True,Spanish,"AI,Deep Learning,Beginner"
226,Statistics Course 226,Data Science,Statistics,Intermediate,6.14,Video,4.47,2085,True,Spanish,"Data Science,Statistics,Intermediate"
227,Pandas Course 227,Data Science,Pandas,Advanced,1.98,Video,3.64,135,True,English,"Data Science,Pandas,Advanced"
228,Network Security Course 228,Cybersecurity,Network Security,Intermediate,6.87,Mixed,4.78,3293,True,Spanish,"Cybersecurity,Network Security,Intermediate"
229,Network Security Course 229,Cybersecurity,Network Security,Beginner,24.22,Text,3.71,242,True,English,"Cybersecurity,Network Security,Beginner"
230,Frontend Course 230,Web Dev,Frontend,Beginner,25.42,Mixed,3.17,4216,True,Spanish,"Web Dev,Frontend,Beginner"
231,NLP Course 231,AI,NLP,Intermediate,37.1,Video,4.12,4017,True,Spanish,"AI,NLP,Intermediate"
232,Deep Learning Course 232,AI,Deep Learning,Intermediate,22.15,Video,3.26,2482,False,Spanish,"AI,Deep Learning,Intermediate"
233,Ethical Hacking Course 233,Cybersecurity,Ethical Hacking,Beginner,17.53,Text,4.8,1771,False,English,"Cybersecurity,Ethical Hacking,Beginner"
234,Statistics Course 234,Data Science,Statistics,Intermediate,12.97,Video,4.0,3822,True,English,"Data Science,Statistics,Intermediate"
235,Visualization Course 235,Data Science,Visualization,Intermediate,46.75,Video,3.02,2334,False,English,"Data Science,Visualization,Intermediate"
236,Ethical Hacking Course 236,Cybersecurity,Ethical Hacking,Advanced,8.49,Mixed,3.49,2573,True,English,"Cybersecurity,Ethical Hacking,Advanced"
237,Frontend Course 237,Web Dev,Frontend,Advanced,42.69,Video,3.18,2407,False,English,"Web Dev,Frontend,Advanced"
238,Forensics Course 238,Cybersecurity,Forensics,Advanced,9.5,Video,4.79,4864,False,English,"Cybersecurity,Forensics,Advanced"
239,Content Course 239,Marketing,Content,Intermediate,3.53,Text,3.04,4334,True,Spanish,"Marketing,Content,Intermediate"
240,Ethical Hacking Course 240,Cybersecurity,Ethical Hacking,Advanced,49.14,Text,3.22,477,False,English,"Cybersecurity,Ethical Hacking,Advanced"
241,Forensics Course 241,Cybersecurity,Forensics,Intermediate,48.5,Text,4.73,655,True,Spanish,"Cybersecurity,Forensics,Intermediate"
242,Fullstack Course 242,Web Dev,Fullstack,Beginner,48.78,Text,3.98,4299,True,Spanish,"Web Dev,Fullstack,Beginner"
243,Pandas Course 243,Data Science,Pandas,Beginner,28.28,Mixed,4.14,1151,False,English,"Data Science,Pandas,Beginner"
244,SEO Course 244,Marketing,SEO,Beginner,35.84,Mixed,3.4,4637,False,English,"Marketing,SEO,Beginner"
245,Backend Course 245,Web Dev,Backend,Beginner,12.88,Video,3.23,4759,True,English,"Web Dev,Backend,Beginner"
246,Statistics Course 246,Data Science,Statistics,Advanced,15.14,Text,4.16,4244,False,Spanish,"Data Science,Statistics,Advanced"
247,Statistics Course 247,Data Science,Statistics,Beginner,46.67,Text,3.64,3754,False,English,"Data Science,Statistics,Beginner"
248,Deep Learning Course 248,AI,Deep Learning,Intermediate,19.09,Mixed,3.91,270,False,English,"AI,Deep Learning,Intermediate"
249,Forensics Course 249,Cybersecurity,Forensics,Intermediate,4.11,Text,4.98,2070,True,English,"Cybersecurity,Forensics,Intermediate"
250,Network Security Course 250,Cybersecurity,Network Security,Beginner,34.54,Mixed,3.18,1352,True,Spanish,"Cybersecurity,Network Security,Beginner"
251,Visualization Course 251,Data Science,Visualization,Advanced,34.39,Video,4.52,2004,True,Spanish,"Data Science,Visualization,Advanced"
252,Visualization Course 252,Data Science,Visualization,Beginner,24.19,Video,4.21,3500,True,English,"Data Science,Visualization,Beginner"
253,Computer Vision Course 253,AI,Computer Vision,Intermediate,18.09,Mixed,4.86,4037,True,English,"AI,Computer Vision,Intermediate"
254,Statistics Course 254,Data Science,Statistics,Intermediate,48.29,Text,3.25,385,True,Spanish,"Data Science,Statistics,Intermediate"
255,Visualization Course 255,Data Science,Visualization,Beginner,49.56,Mixed,3.41,1580,False,Spanish,"Data Science,Visualization,Beginner"
256,Fullstack Course 256,Web Dev,Fullstack,Intermediate,46.4,Mixed,4.44,3653,True,English,"Web Dev,Fullstack,Intermediate"
257,Visualization Course 257,Data Science,Visualization,Intermediate,42.25,Mixed,3.28,882,True,Spanish,"Data Science,Visualization,Intermediate"
258,Backend Course 258,Web Dev,Backend,Advanced,37.77,Mixed,4.6,1324,False,English,"Web Dev,Backend,Advanced"
259,Visualization Course 259,Data Science,Visualization,Intermediate,9.05,Text,4.63,87,True,Spanish,"Data Science,Visualization,Intermediate"
260,Ethical Hacking Course 260,Cybersecurity,Ethical Hacking,Intermediate,26.63,Text,3.72,1075,False,Spanish,"Cybersecurity,Ethical Hacking,Intermediate"
261,Backend Course 261,Web Dev,Backend,Beginner,20.23,Video,4.63,1328,False,Spanish,"Web Dev,Backend,Beginner"
262,Statistics Course 262,Data Science,Statistics,Advanced,35.98,Mixed,4.8,4680,False,Spanish,"Data Science,Statistics,Advanced"
263,Visualization Course 263,Data Science,Visualization,Advanced,25.63,Video,3.46,1258,False,Spanish,"Data Science,Visualization,Advanced"
264,NLP Course 264,AI,NLP,Advanced,20.18,Text,4.06,4926,True,English,"AI,NLP,Advanced"
265,SEO Course 265,Marketing,SEO,Intermediate,45.42,Text,4.25,1980,True,English,"Marketing,SEO,Intermediate"
266,Ads Course 266,Marketing,Ads,Intermediate,22.14,Text,3.67,1212,True,Spanish,"Marketing,Ads,Intermediate"
267,Ethical Hacking Course 267,Cybersecurity,Ethical Hacking,Beginner,17.41,Text,3.28,2045,False,Spanish,"Cybersecurity,Ethical Hacking,Beginner"
268,Forensics Course 268,Cybersecurity,Forensics,Advanced,37.33,Mixed,4.15,2214,False,English,"Cybersecurity,Forensics,Advanced"
269,Statistics Course 269,Data Science,Statistics,Intermediate,8.43,Mixed,3.62,960,False,English,"Data Science,Statistics,Intermediate"
270,Content Course 270,Marketing,Content,Advanced,8.01,Text,3.41,1867,True,English,"Marketing,Content,Advanced"
271,Forensics Course 271,Cybersecurity,Forensics,Advanced,38.36,Mixed,4.75,2922,True,English,"Cybersecurity,Forensics,Advanced"
272,Deep Learning Course 272,AI,Deep Learning,Advanced,6.04,Mixed,4.07,4920,True,Spanish,"AI,Deep Learning,Advanced"
273,Forensics Course 273,Cybersecurity,Forensics,Beginner,42.48,Text,3.25,3238,False,Spanish,"Cybersecurity,Forensics,Beginner"
274,Fullstack Course 274,Web Dev,Fullstack,Advanced,27.45,Mixed,3.97,2381,False,English,"Web Dev,Fullstack,Advanced"
275,Backend Course 275,Web Dev,Backend,Intermediate,36.39,Mixed,4.44,104,False,English,"Web Dev,Backend,Intermediate"
276,Ads Course 276,Marketing,Ads,Advanced,30.32,Text,4.13,803,True,English,"Marketing,Ads,Advanced"
277,Pandas Course 277,Data Science,Pandas,Advanced,13.34,Mixed,3.69,4116,True,English,"Data Science,Pandas,Advanced"
278,Fullstack Course 278,Web Dev,Fullstack,Intermediate,47.99,Text,3.69,3215,True,English,"Web Dev,Fullstack,Intermediate"
279,Backend Course 279,Web Dev,Backend,Intermediate,20.64,Video,3.92,2359,False,English,"Web Dev,Backend,Intermediate"
280,SEO Course 280,Marketing,SEO,Advanced,31.13,Text,4.82,3015,True,English,"Marketing,SEO,Advanced"
281,Network Security Course 281,Cybersecurity,Network Security,Beginner,5.94,Mixed,3.51,1649,True,Spanish,"Cybersecurity,Network Security,Beginner"
282,Deep Learning Course 282,AI,Deep Learning,Advanced,43.73,Text,4.86,4461,False,English,"AI,Deep Learning,Advanced"
283,Computer Vision Course 283,AI,Computer Vision,Advanced,46.02,Mixed,4.58,3886,True,English,"AI,Computer Vision,Advanced"
284,Network Security Course 284,Cybersecurity,Network Security,Intermediate,35.65,Video,3.31,613,True,Spanish,"Cybersecurity,Network Security,Intermediate"
285,Network Security Course 285,Cybersecurity,Network Security,Advanced,19.35,Video,3.14,4156,True,English,"Cybersecurity,Network Security,Advanced"
286,Backend Course 286,Web Dev,Backend,Beginner,37.09,Video,4.87,3807,False,Spanish,"Web Dev,Backend,Beginner"
287,Forensics Course 287,Cybersecurity,Forensics,Beginner,45.62,Mixed,3.25,3486,False,English,"Cybersecurity,Forensics,Beginner"
288,Deep Learning Course 288,AI,Deep Learning,Beginner,9.11,Mixed,3.37,3040,True,English,"AI,Deep Learning,Beginner"
289,Pandas Course 289,Data Science,Pandas,Advanced,46.12,Video,4.74,4672,True,English,"Data Science,Pandas,Advanced"
290,Ads Course 290,Marketing,Ads,Advanced,12.14,Video,4.22,3512,False,Spanish,"Marketing,Ads,Advanced"
291,Forensics Course 291,Cybersecurity,Forensics,Advanced,3.68,Text,3.67,3517,True,English,"Cybersecurity,Forensics,Advanced"
292,Fullstack Course 292,Web Dev,Fullstack,Beginner,39.6,Text,4.21,584,False,English,"Web Dev,Fullstack,Beginner"
293,Computer Vision Course 293,AI,Computer Vision,Advanced,21.31,Mixed,4.73,395,True,Spanish,"AI,Computer Vision,Advanced"
294,Visualization Course 294,Data Science,Visualization,Beginner,23.82,Video,3.96,3610,True,Spanish,"Data Science,Visualization,Beginner"
295,Backend Course 295,Web Dev,Backend,Beginner,29.77,Video,3.07,4868,True,Spanish,"Web Dev,Backend,Beginner"
296,Ads Course 296,Marketing,Ads,Intermediate,7.9,Mixed,3.35,2000,False,Spanish,"Marketing,Ads,Intermediate"
297,Computer Vision Course 297,AI,Computer Vision,Advanced,9.11,Text,3.07,4390,False,English,"AI,Computer Vision,Advanced"
298,Forensics Course 298,Cybersecurity,Forensics,Intermediate,29.45,Video,4.26,2213,False,English,"Cybersecurity,Forensics,Intermediate"
299,Content Course 299,Marketing,Content,Beginner,11.42,Video,4.03,4954,False,English,"Marketing,Content,Beginner"
300,Ethical Hacking Course 300,Cybersecurity,Ethical Hacking,Beginner,48.09,Mixed,3.3,3711,False,English,"Cybersecurity,Ethical Hacking,Beginner"
301,Forensics Course 301,Cybersecurity,Forensics,Advanced,43.17,Text,4.07,4432,False,Spanish,"Cybersecurity,Forensics,Advanced"
302,Ads Course 302,Marketing,Ads,Beginner,30.17,Video,3.13,2272,False,English,"Marketing,Ads,Beginner"
303,Computer Vision Course 303,AI,Computer Vision,Advanced,21.91,Video,4.6,3399,False,Spanish,"AI,Computer Vision,Advanced"
304,Ethical Hacking Course 304,Cybersecurity,Ethical Hacking,Intermediate,11.05,Text,3.38,4534,False,Spanish,"Cybersecurity,Ethical Hacking,Intermediate"
305,Ethical Hacking Course 305,Cybersecurity,Ethical Hacking,Advanced,19.51,Mixed,4.67,2075,False,Spanish,"Cybersecurity,Ethical Hacking,Advanced"
306,Frontend Course 306,Web Dev,Frontend,Advanced,15.41,Text,4.43,3067,False,English,"Web Dev,Frontend,Advanced"
307,Ethical Hacking Course 307,Cybersecurity,Ethical Hacking,Beginner,26.7,Text,3.88,2171,False,Spanish,"Cybersecurity,Ethical Hacking,Beginner"
308,Computer Vision Course 308,AI,Computer Vision,Advanced,25.35,Text,4.53,3345,True,Spanish,"AI,Computer Vision,Advanced"
309,Network Security Course 309,Cybersecurity,Network Security,Beginner,43.23,Video,4.89,4905,False,Spanish,"Cybersecurity,Network Security,Beginner"
310,Visualization Course 310,Data Science,Visualization,Advanced,14.34,Video,4.79,3461,False,English,"Data Science,Visualization,Advanced"
311,NLP Course 311,AI,NLP,Advanced,40.24,Text,4.96,1833,True,Spanish,"AI,NLP,Advanced"
312,Pandas Course 312,Data Science,Pandas,Advanced,36.08,Mixed,4.32,842,True,English,"Data Science,Pandas,Advanced"
313,Content Course 313,Marketing,Content,Beginner,28.03,Video,3.51,2500,False,English,"Marketing,Content,Beginner"
314,Visualization Course 314,Data Science,Visualization,Intermediate,25.77,Video,4.19,3320,False,Spanish,"Data Science,Visualization,Intermediate"
315,Backend Course 315,Web Dev,Backend,Beginner,28.9,Text,4.77,3685,True,English,"Web Dev,Backend,Beginner"
316,Content Course 316,Marketing,Content,Intermediate,12.67,Text,3.2,2153,False,Spanish,"Marketing,Content,Intermediate"
317,Backend Course 317,Web Dev,Backend,Intermediate,49.45,Mixed,4.21,2548,True,English,"Web Dev,Backend,Intermediate"
318,SEO Course 318,Marketing,SEO,Advanced,48.17,Mixed,4.89,4287,True,English,"Marketing,SEO,Advanced"
319,Content Course 319,Marketing,Content,Beginner,11.04,Video,3.59,953,False,Spanish,"Marketing,Content,Beginner"
320,NLP Course 320,AI,NLP,Advanced,5.26,Text,4.27,2208,False,Spanish,"AI,NLP,Advanced"
321,Ads Course 321,Marketing,Ads,Beginner,42.56,Text,3.25,924,True,Spanish,"Marketing,Ads,Beginner"
322,SEO Course 322,Marketing,SEO,Beginner,29.57,Video,3.84,523,False,Spanish,"Marketing,SEO,Beginner"
323,NLP Course 323,AI,NLP,Advanced,45.62,Video,4.25,3604,False,Spanish,"AI,NLP,Advanced"
324,Network Security Course 324,Cybersecurity,Network Security,Advanced,13.71,Mixed,3.76,4576,True,Spanish,"Cybersecurity,Network Security,Advanced"
325,Forensics Course 325,Cybersecurity,Forensics,Beginner,2.68,Mixed,4.66,814,True,Spanish,"Cybersecurity,Forensics,Beginner"
326,SEO Course 326,Marketing,SEO,Intermediate,21.06,Video,4.1,3587,False,Spanish,"Marketing,SEO,Intermediate"
327,Visualization Course 327,Data Science,Visualization,Beginner,38.42,Mixed,3.28,2771,False,English,"Data Science,Visualization,Beginner"
328,Forensics Course 328,Cybersecurity,Forensics,Intermediate,28.72,Video,4.97,4233,True,English,"Cybersecurity,Forensics,Intermediate"
329,Content Course 329,Marketing,Content,Beginner,9.92,Video,3.97,3290,False,Spanish,"Marketing,Content,Beginner"
330,Fullstack Course 330,Web Dev,Fullstack,Advanced,14.17,Text,4.08,246,False,Spanish,"Web Dev,Fullstack,Advanced"
331,Fullstack Course 331,Web Dev,Fullstack,Intermediate,20.72,Video,3.44,1311,True,English,"Web Dev,Fullstack,Intermediate"
332,SEO Course 332,Marketing,SEO,Advanced,41.91,Video,4.97,451,True,English,"Marketing,SEO,Advanced"
333,Fullstack Course 333,Web Dev,Fullstack,Advanced,45.13,Text,4.38,814,False,English,"Web Dev,Fullstack,Advanced"
334,Backend Course 334,Web Dev,Backend,Beginner,1.9,Video,4.83,3934,False,Spanish,"Web Dev,Backend,Beginner"
335,Computer Vision Course 335,AI,Computer Vision,Advanced,40.94,Text,4.0,2091,False,English,"AI,Computer Vision,Advanced"
336,Pandas Course 336,Data Science,Pandas,Advanced,28.15,Text,4.3,4693,False,English,"Data Science,Pandas,Advanced"
337,Ads Course 337,Marketing,Ads,Intermediate,11.11,Mixed,3.02,4062,True,English,"Marketing,Ads,Intermediate"
338,Computer Vision Course 338,AI,Computer Vision,Advanced,13.92,Mixed,3.53,4836,True,Spanish,"AI,Computer Vision,Advanced"
339,Ads Course 339,Marketing,Ads,Advanced,30.27,Mixed,4.2,464,False,Spanish,"Marketing,Ads,Advanced"
340,NLP Course 340,AI,NLP,Intermediate,29.09,Text,4.68,3038,True,English,"AI,NLP,Intermediate"
341,Ads Course 341,Marketing,Ads,Intermediate,19.77,Mixed,4.04,4235,False,English,"Marketing,Ads,Intermediate"
342,Network Security Course 342,Cybersecurity,Network Security,Beginner,9.15,Mixed,4.48,2876,False,English,"Cybersecurity,Network Security,Beginner"
343,Ads Course 343,Marketing,Ads,Beginner,5.43,Text,4.54,4134,False,English,"Marketing,Ads,Beginner"
344,SEO Course 344,Marketing,SEO,Intermediate,20.08,Mixed,3.58,1146,True,Spanish,"Marketing,SEO,Intermediate"
345,Visualization Course 345,Data Science,Visualization,Intermediate,36.36,Video,4.22,1343,True,Spanish,"Data Science,Visualization,Intermediate"
346,Network Security Course 346,Cybersecurity,Network Security,Beginner,24.33,Video,4.33,4863,True,Spanish,"Cybersecurity,Network Security,Beginner"
347,Pandas Course 347,Data Science,Pandas,Intermediate,7.62,Text,3.97,1795,False,Spanish,"Data Science,Pandas,Intermediate"
348,Pandas Course 348,Data Science,Pandas,Beginner,2.53,Mixed,3.52,1772,False,Spanish,"Data Science,Pandas,Beginner"
349,Deep Learning Course 349,AI,Deep Learning,Beginner,42.23,Video,4.69,4470,False,English,"AI,Deep Learning,Beginner"
350,Pandas Course 350,Data Science,Pandas,Intermediate,8.58,Video,4.25,1534,False,Spanish,"Data Science,Pandas,Intermediate"
351,NLP Course 351,AI,NLP,Advanced,17.87,Video,3.7,1250,False,English,"AI,NLP,Advanced"
352,Backend Course 352,Web Dev,Backend,Advanced,35.54,Text,4.2,4130,True,English,"Web Dev,Backend,Advanced"
353,Content Course 353,Marketing,Content,Beginner,13.07,Text,4.64,1262,False,Spanish,"Marketing,Content,Beginner"
354,Fullstack Course 354,Web Dev,Fullstack,Beginner,1.11,Video,4.94,4207,False,Spanish,"Web Dev,Fullstack,Beginner"
355,Forensics Course 355,Cybersecurity,Forensics,Intermediate,29.92,Video,3.72,3125,False,Spanish,"Cybersecurity,Forensics,Intermediate"
356,Ethical Hacking Course 356,Cybersecurity,Ethical Hacking,Advanced,40.56,Video,4.92,339,False,English,"Cybersecurity,Ethical Hacking,Advanced"
357,Fullstack Course 357,Web Dev,Fullstack,Intermediate,34.84,Mixed,4.04,4117,True,English,"Web Dev,Fullstack,Intermediate"
358,Content Course 358,Marketing,Content,Beginner,27.55,Video,4.75,4072,False,Spanish,"Marketing,Content,Beginner"
359,Fullstack Course 359,Web Dev,Fullstack,Intermediate,40.52,Mixed,4.32,2431,False,English,"Web Dev,Fullstack,Intermediate"
360,Backend Course 360,Web Dev,Backend,Intermediate,32.22,Video,4.96,3736,True,Spanish,"Web Dev,Backend,Intermediate"
361,Statistics Course 361,Data Science,Statistics,Advanced,34.97,Text,3.1,56,False,English,"Data Science,Statistics,Advanced"
362,Network Security Course 362,Cybersecurity,Network Security,Beginner,3.16,Video,4.18,410,False,English,"Cybersecurity,Network Security,Beginner"
363,Forensics Course 363,Cybersecurity,Forensics,Advanced,9.85,Video,4.14,4355,True,Spanish,"Cybersecurity,Forensics,Advanced"
364,SEO Course 364,Marketing,SEO,Intermediate,16.33,Text,3.24,4242,False,Spanish,"Marketing,SEO,Intermediate"
365,SEO Course 365,Marketing,SEO,Intermediate,10.44,Mixed,3.23,836,False,English,"Marketing,SEO,Intermediate"
366,Content Course 366,Marketing,Content,Advanced,47.27,Mixed,3.95,2429,True,English,"Marketing,Content,Advanced"
367,Visualization Course 367,Data Science,Visualization,Beginner,42.38,Text,3.64,3571,True,English,"Data Science,Visualization,Beginner"
368,Deep Learning Course 368,AI,Deep Learning,Beginner,32.58,Video,4.3,3233,False,English,"AI,Deep Learning,Beginner"
369,Statistics Course 369,Data Science,Statistics,Intermediate,12.27,Video,3.24,140,True,Spanish,"Data Science,Statistics,Intermediate"
370,Network Security Course 370,Cybersecurity,Network Security,Beginner,35.12,Mixed,3.68,4288,True,English,"Cybersecurity,Network Security,Beginner"
371,Fullstack Course 371,Web Dev,Fullstack,Advanced,20.82,Mixed,4.14,3969,True,Spanish,"Web Dev,Fullstack,Advanced"
372,Visualization Course 372,Data Science,Visualization,Advanced,27.44,Video,4.58,930,True,English,"Data Science,Visualization,Advanced"
373,Content Course 373,Marketing,Content,Advanced,37.15,Video,4.04,502,True,Spanish,"Marketing,Content,Advanced"
374,Frontend Course 374,Web Dev,Frontend,Advanced,31.18,Video,3.47,320,True,English,"Web Dev,Frontend,Advanced"
375,NLP Course 375,AI,NLP,Beginner,23.64,Text,4.98,4356,True,English,"AI,NLP,Beginner"
376,Ads Course 376,Marketing,Ads,Advanced,43.86,Text,4.06,3820,False,English,"Marketing,Ads,Advanced"
377,Network Security Course 377,Cybersecurity,Network Security,Advanced,4.43,Mixed,3.02,4134,False,English,"Cybersecurity,Network Security,Advanced"
378,Content Course 378,Marketing,Content,Intermediate,38.59,Text,3.8,254,True,Spanish,"Marketing,Content,Intermediate"
379,Frontend Course 379,Web Dev,Frontend,Advanced,24.51,Text,4.16,1781,False,Spanish,"Web Dev,Frontend,Advanced"
380,Pandas Course 380,Data Science,Pandas,Beginner,49.22,Video,4.54,930,True,English,"Data Science,Pandas,Beginner"
381,NLP Course 381,AI,NLP,Advanced,17.48,Video,4.05,2634,True,Spanish,"AI,NLP,Advanced"
382,SEO Course 382,Marketing,SEO,Beginner,12.7,Text,3.22,1175,True,English,"Marketing,SEO,Beginner"
383,Content Course 383,Marketing,Content,Beginner,15.55,Text,4.71,155,False,Spanish,"Marketing,Content,Beginner"
384,Pandas Course 384,Data Science,Pandas,Advanced,12.45,Mixed,3.08,714,False,Spanish,"Data Science,Pandas,Advanced"
385,Deep Learning Course 385,AI,Deep Learning,Intermediate,45.61,Video,3.09,4504,True,Spanish,"AI,Deep Learning,Intermediate"
386,Ethical Hacking Course 386,Cybersecurity,Ethical Hacking,Beginner,19.83,Mixed,4.36,2244,True,English,"Cybersecurity,Ethical Hacking,Beginner"
387,Fullstack Course 387,Web Dev,Fullstack,Advanced,47.55,Mixed,4.57,948,True,Spanish,"Web Dev,Fullstack,Advanced"
388,Visualization Course 388,Data Science,Visualization,Advanced,29.84,Mixed,4.96,3425,False,Spanish,"Data Science,Visualization,Advanced"
389,Backend Course 389,Web Dev,Backend,Intermediate,23.9,Video,4.23,4877,False,English,"Web Dev,Backend,Intermediate"
390,Fullstack Course 390,Web Dev,Fullstack,Advanced,12.35,Text,4.89,894,False,Spanish,"Web Dev,Fullstack,Advanced"
391,Visualization Course 391,Data Science,Visualization,Beginner,41.7,Text,3.24,4331,False,English,"Data Science,Visualization,Beginner"
392,Frontend Course 392,Web Dev,Frontend,Advanced,19.82,Mixed,3.07,2563,False,English,"Web Dev,Frontend,Advanced"
393,Ads Course 393,Marketing,Ads,Advanced,39.2,Mixed,3.7,1806,True,Spanish,"Marketing,Ads,Advanced"
394,Pandas Course 394,Data Science,Pandas,Intermediate,31.86,Mixed,3.43,3180,False,Spanish,"Data Science,Pandas,Intermediate"
395,Network Security Course 395,Cybersecurity,Network Security,Advanced,30.27,Mixed,4.05,1924,False,Spanish,"Cybersecurity,Network Security,Advanced"
396,Content Course 396,Marketing,Content,Intermediate,20.42,Mixed,4.52,2119,False,Spanish,"Marketing,Content,Intermediate"
397,Pandas Course 397,Data Science,Pandas,Advanced,49.82,Video,4.79,4079,False,Spanish,"Data Science,Pandas,Advanced"
398,Deep Learning Course 398,AI,Deep Learning,Intermediate,31.52,Text,4.5,3170,True,Spanish,"AI,Deep Learning,Intermediate"
399,Forensics Course 399,Cybersecurity,Forensics,Beginner,30.05,Video,4.16,3691,False,Spanish,"Cybersecurity,Forensics,Beginner"
400,Forensics Course 400,Cybersecurity,Forensics,Intermediate,23.41,Video,3.78,2692,True,Spanish,"Cybersecurity,Forensics,Intermediate"
401,Computer Vision Course 401,AI,Computer Vision,Beginner,7.35,Text,4.78,1365,False,Spanish,"AI,Computer Vision,Beginner"
402,NLP Course 402,AI,NLP,Advanced,2.74,Mixed,3.66,1570,True,English,"AI,NLP,Advanced"
403,Forensics Course 403,Cybersecurity,Forensics,Intermediate,27.99,Video,3.17,993,False,Spanish,"Cybersecurity,Forensics,Intermediate"
404,Content Course 404,Marketing,Content,Advanced,13.38,Video,3.01,3982,False,Spanish,"Marketing,Content,Advanced"
405,Deep Learning Course 405,AI,Deep Learning,Intermediate,3.39,Video,4.07,46,True,English,"AI,Deep Learning,Intermediate"
406,Pandas Course 406,Data Science,Pandas,Intermediate,11.79,Text,4.37,4046,True,Spanish,"Data Science,Pandas,Intermediate"
407,Ads Course 407,Marketing,Ads,Advanced,49.58,Text,3.12,1334,True,Spanish,"Marketing,Ads,Advanced"
408,Fullstack Course 408,Web Dev,Fullstack,Intermediate,24.55,Mixed,4.18,2755,False,Spanish,"Web Dev,Fullstack,Intermediate"
409,Backend Course 409,Web Dev,Backend,Advanced,28.99,Video,4.32,3940,True,English,"Web Dev,Backend,Advanced"
410,Deep Learning Course 410,AI,Deep Learning,Beginner,43.36,Mixed,4.47,4321,True,English,"AI,Deep Learning,Beginner"
411,Backend Course 411,Web Dev,Backend,Beginner,40.07,Video,4.32,1714,True,Spanish,"Web Dev,Backend,Beginner"
412,Frontend Course 412,Web Dev,Frontend,Intermediate,17.37,Text,3.48,1726,False,Spanish,"Web Dev,Frontend,Intermediate"
413,Network Security Course 413,Cybersecurity,Network Security,Intermediate,34.33,Text,4.24,2479,False,English,"Cybersecurity,Network Security,Intermediate"
414,Forensics Course 414,Cybersecurity,Forensics,Intermediate,10.27,Text,4.76,566,False,English,"Cybersecurity,Forensics,Intermediate"
415,Backend Course 415,Web Dev,Backend,Beginner,43.72,Video,3.06,4531,False,Spanish,"Web Dev,Backend,Beginner"
416,Deep Learning Course 416,AI,Deep Learning,Beginner,7.31,Video,3.67,3751,True,English,"AI,Deep Learning,Beginner"
417,SEO Course 417,Marketing,SEO,Beginner,45.53,Text,3.0,3339,False,Spanish,"Marketing,SEO,Beginner"
418,Deep Learning Course 418,AI,Deep Learning,Intermediate,41.77,Text,4.01,304,True,Spanish,"AI,Deep Learning,Intermediate"
419,Ethical Hacking Course 419,Cybersecurity,Ethical Hacking,Advanced,10.46,Video,3.17,1700,True,Spanish,"Cybersecurity,Ethical Hacking,Advanced"
420,NLP Course 420,AI,NLP,Beginner,49.08,Video,4.26,4805,True,English,"AI,NLP,Beginner"
421,Ethical Hacking Course 421,Cybersecurity,Ethical Hacking,Beginner,1.44,Text,4.64,1017,True,English,"Cybersecurity,Ethical Hacking,Beginner"
422,Computer Vision Course 422,AI,Computer Vision,Intermediate,6.24,Video,4.52,4691,False,English,"AI,Computer Vision,Intermediate"
423,NLP Course 423,AI,NLP,Beginner,22.18,Video,4.68,1445,True,Spanish,"AI,NLP,Beginner"
424,Computer Vision Course 424,AI,Computer Vision,Advanced,32.0,Mixed,4.86,287,True,English,"AI,Computer Vision,Advanced"
425,Fullstack Course 425,Web Dev,Fullstack,Intermediate,46.92,Mixed,4.38,1275,False,English,"Web Dev,Fullstack,Intermediate"
426,Ads Course 426,Marketing,Ads,Beginner,47.42,Video,3.33,927,False,Spanish,"Marketing,Ads,Beginner"
427,Visualization Course 427,Data Science,Visualization,Advanced,35.72,Video,3.95,31,True,English,"Data Science,Visualization,Advanced"
428,Frontend Course 428,Web Dev,Frontend,Intermediate,31.42,Mixed,3.09,2363,False,English,"Web Dev,Frontend,Intermediate"
429,Ethical Hacking Course 429,Cybersecurity,Ethical Hacking,Intermediate,49.52,Mixed,4.35,4821,True,Spanish,"Cybersecurity,Ethical Hacking,Intermediate"
430,Backend Course 430,Web Dev,Backend,Intermediate,37.73,Video,3.26,2438,True,Spanish,"Web Dev,Backend,Intermediate"
431,Backend Course 431,Web Dev,Backend,Beginner,19.8,Mixed,3.13,3114,False,Spanish,"Web Dev,Backend,Beginner"
432,SEO Course 432,Marketing,SEO,Intermediate,16.86,Text,3.98,3004,True,English,"Marketing,SEO,Intermediate"
433,Network Security Course 433,Cybersecurity,Network Security,Intermediate,13.37,Text,3.0,3563,False,Spanish,"Cybersecurity,Network Security,Intermediate"
434,Computer Vision Course 434,AI,Computer Vision,Advanced,14.41,Mixed,4.99,48,False,Spanish,"AI,Computer Vision,Advanced"
435,Computer Vision Course 435,AI,Computer Vision,Intermediate,26.82,Text,4.65,1108,True,English,"AI,Computer Vision,Intermediate"
436,Visualization Course 436,Data Science,Visualization,Advanced,11.82,Video,3.16,3165,True,English,"Data Science,Visualization,Advanced"
437,SEO Course 437,Marketing,SEO,Advanced,33.07,Text,3.55,2906,True,Spanish,"Marketing,SEO,Advanced"
438,Network Security Course 438,Cybersecurity,Network Security,Intermediate,48.2,Mixed,3.06,998,False,Spanish,"Cybersecurity,Network Security,Intermediate"
439,Backend Course 439,Web Dev,Backend,Intermediate,47.24,Mixed,3.84,4036,False,Spanish,"Web Dev,Backend,Intermediate"
440,Visualization Course 440,Data Science,Visualization,Beginner,48.26,Mixed,4.52,4675,True,Spanish,"Data Science,Visualization,Beginner"
441,Statistics Course 441,Data Science,Statistics,Advanced,44.81,Video,3.46,1990,False,Spanish,"Data Science,Statistics,Advanced"
442,Frontend Course 442,Web Dev,Frontend,Advanced,10.82,Text,4.74,801,True,English,"Web Dev,Frontend,Advanced"
443,Statistics Course 443,Data Science,Statistics,Intermediate,19.06,Video,4.73,2265,False,English,"Data Science,Statistics,Intermediate"
444,Visualization Course 444,Data Science,Visualization,Beginner,27.62,Video,3.32,994,False,Spanish,"Data Science,Visualization,Beginner"
445,Visualization Course 445,Data Science,Visualization,Beginner,43.56,Video,4.55,600,True,Spanish,"Data Science,Visualization,Beginner"
446,SEO Course 446,Marketing,SEO,Advanced,23.23,Mixed,4.06,4454,False,English,"Marketing,SEO,Advanced"
447,SEO Course 447,Marketing,SEO,Advanced,7.43,Video,3.07,3909,True,English,"Marketing,SEO,Advanced"
448,Ethical Hacking Course 448,Cybersecurity,Ethical Hacking,Advanced,48.41,Video,3.37,536,False,English,"Cybersecurity,Ethical Hacking,Advanced"
449,Pandas Course 449,Data Science,Pandas,Beginner,24.59,Text,3.23,3354,True,Spanish,"Data Science,Pandas,Beginner"
450,Frontend Course 450,Web Dev,Frontend,Beginner,30.76,Text,3.5,530,True,English,"Web Dev,Frontend,Beginner"
451,Content Course 451,Marketing,Content,Intermediate,10.83,Video,3.98,126,True,English,"Marketing,Content,Intermediate"
452,Visualization Course 452,Data Science,Visualization,Beginner,29.92,Text,3.87,3798,False,English,"Data Science,Visualization,Beginner"
453,Pandas Course 453,Data Science,Pandas,Beginner,8.33,Mixed,3.93,2023,False,English,"Data Science,Pandas,Beginner"
454,Pandas Course 454,Data Science,Pandas,Intermediate,20.23,Video,3.96,4712,False,Spanish,"Data Science,Pandas,Intermediate"
455,Statistics Course 455,Data Science,Statistics,Beginner,36.37,Mixed,4.31,738,False,English,"Data Science,Statistics,Beginner"
456,SEO Course 456,Marketing,SEO,Intermediate,43.15,Mixed,4.56,788,True,English,"Marketing,SEO,Intermediate"
457,Forensics Course 457,Cybersecurity,Forensics,Advanced,24.54,Mixed,3.21,2458,False,English,"Cybersecurity,Forensics,Advanced"
458,Computer Vision Course 458,AI,Computer Vision,Advanced,6.04,Video,4.14,601,False,Spanish,"AI,Computer Vision,Advanced"
459,Forensics Course 459,Cybersecurity,Forensics,Advanced,24.64,Text,3.42,2730,True,English,"Cybersecurity,Forensics,Advanced"
460,NLP Course 460,AI,NLP,Intermediate,28.42,Text,3.02,11,False,Spanish,"AI,NLP,Intermediate"
461,SEO Course 461,Marketing,SEO,Beginner,27.18,Mixed,4.77,1959,False,English,"Marketing,SEO,Beginner"
462,Content Course 462,Marketing,Content,Intermediate,2.63,Video,3.16,927,False,English,"Marketing,Content,Intermediate"
463,Frontend Course 463,Web Dev,Frontend,Advanced,16.78,Video,4.95,99,True,Spanish,"Web Dev,Frontend,Advanced"
464,Ads Course 464,Marketing,Ads,Advanced,34.78,Mixed,4.6,3051,True,Spanish,"Marketing,Ads,Advanced"
465,NLP Course 465,AI,NLP,Intermediate,3.02,Video,4.34,1905,True,Spanish,"AI,NLP,Intermediate"
466,Pandas Course 466,Data Science,Pandas,Intermediate,32.19,Mixed,4.41,1935,False,English,"Data Science,Pandas,Intermediate"
467,Content Course 467,Marketing,Content,Beginner,30.14,Text,4.23,2280,True,Spanish,"Marketing,Content,Beginner"
468,Content Course 468,Marketing,Content,Intermediate,27.52,Video,4.42,3921,False,English,"Marketing,Content,Intermediate"
469,Content Course 469,Marketing,Content,Beginner,35.99,Text,4.6,4216,False,English,"Marketing,Content,Beginner"
470,Fullstack Course 470,Web Dev,Fullstack,Advanced,40.93,Text,3.16,217,True,English,"Web Dev,Fullstack,Advanced"
471,Computer Vision Course 471,AI,Computer Vision,Advanced,27.83,Text,4.63,419,True,English,"AI,Computer Vision,Advanced"
472,Fullstack Course 472,Web Dev,Fullstack,Intermediate,24.56,Mixed,3.08,4979,True,English,"Web Dev,Fullstack,Intermediate"
473,Forensics Course 473,Cybersecurity,Forensics,Beginner,22.49,Text,4.45,2144,True,English,"Cybersecurity,Forensics,Beginner"
474,Fullstack Course 474,Web Dev,Fullstack,Intermediate,32.86,Video,3.96,1276,False,English,"Web Dev,Fullstack,Intermediate"
475,Backend Course 475,Web Dev,Backend,Advanced,11.74,Text,4.95,3437,False,Spanish,"Web Dev,Backend,Advanced"
476,Ads Course 476,Marketing,Ads,Advanced,37.47,Mixed,4.74,2366,False,English,"Marketing,Ads,Advanced"
477,Ethical Hacking Course 477,Cybersecurity,Ethical Hacking,Beginner,33.28,Video,4.0,3675,True,English,"Cybersecurity,Ethical Hacking,Beginner"
478,Ethical Hacking Course 478,Cybersecurity,Ethical Hacking,Intermediate,2.02,Mixed,4.31,4654,False,Spanish,"Cybersecurity,Ethical Hacking,Intermediate"
479,Visualization Course 479,Data Science,Visualization,Advanced,49.82,Mixed,4.95,2981,False,Spanish,"Data Science,Visualization,Advanced"
480,Fullstack Course 480,Web Dev,Fullstack,Beginner,10.78,Mixed,4.36,362,False,English,"Web Dev,Fullstack,Beginner"
481,Statistics Course 481,Data Science,Statistics,Beginner,42.18,Mixed,3.35,168,True,English,"Data Science,Statistics,Beginner"
482,Content Course 482,Marketing,Content,Advanced,21.38,Text,4.69,4621,True,English,"Marketing,Content,Advanced"
483,Backend Course 483,Web Dev,Backend,Intermediate,37.03,Video,4.54,965,True,Spanish,"Web Dev,Backend,Intermediate"
484,Statistics Course 484,Data Science,Statistics,Beginner,2.97,Text,4.73,4713,False,Spanish,"Data Science,Statistics,Beginner"
485,Fullstack Course 485,Web Dev,Fullstack,Intermediate,29.81,Mixed,3.06,3821,False,English,"Web Dev,Fullstack,Intermediate"
486,Ethical Hacking Course 486,Cybersecurity,Ethical Hacking,Beginner,43.8,Video,4.8,1807,True,English,"Cybersecurity,Ethical Hacking,Beginner"
487,Visualization Course 487,Data Science,Visualization,Intermediate,33.1,Text,4.98,4291,True,English,"Data Science,Visualization,Intermediate"
488,Ads Course 488,Marketing,Ads,Advanced,45.71,Text,3.42,539,True,English,"Marketing,Ads,Advanced"
489,Backend Course 489,Web Dev,Backend,Advanced,31.95,Mixed,4.47,2924,False,English,"Web Dev,Backend,Advanced"
490,Network Security Course 490,Cybersecurity,Network Security,Intermediate,39.02,Text,3.81,4583,False,Spanish,"Cybersecurity,Network Security,Intermediate"
491,Ethical Hacking Course 491,Cybersecurity,Ethical Hacking,Intermediate,9.8,Video,3.48,11,True,English,"Cybersecurity,Ethical Hacking,Intermediate"
492,Computer Vision Course 492,AI,Computer Vision,Beginner,9.87,Video,4.71,3062,False,English,"AI,Computer Vision,Beginner"
493,Ads Course 493,Marketing,Ads,Advanced,22.42,Mixed,3.19,4486,True,Spanish,"Marketing,Ads,Advanced"
494,NLP Course 494,AI,NLP,Beginner,22.82,Mixed,4.03,3165,True,Spanish,"AI,NLP,Beginner"
495,Backend Course 495,Web Dev,Backend,Intermediate,30.05,Video,3.33,2948,True,English,"Web Dev,Backend,Intermediate"
496,Forensics Course 496,Cybersecurity,Forensics,Beginner,16.3,Video,3.8,1262,False,Spanish,"Cybersecurity,Forensics,Beginner"
497,Frontend Course 497,Web Dev,Frontend,Intermediate,1.44,Video,4.18,4565,True,Spanish,"Web Dev,Frontend,Intermediate"
498,Ethical Hacking Course 498,Cybersecurity,Ethical Hacking,Advanced,7.41,Text,4.94,3384,False,Spanish,"Cybersecurity,Ethical Hacking,Advanced"
499,Fullstack Course 499,Web Dev,Fullstack,Advanced,12.5,Video,4.77,639,False,English,"Web Dev,Fullstack,Advanced"
